{                                                                                                                                                                                              
  "index_patterns" : [                                                                                                                                                                         
    {                                                                                                                                                                                          
      "es": {                                                                                                                                                                                  
        "default_index": "logstash-*",                                                                                                                                                         
        "allow_url_parameter": false                                                                                                                                                           
      },                                                                                                                                                                                       
      "tail_interval_in_seconds": 10,                                                                                                                                                          
      "es_index_time_offset_in_seconds": 0,                                                                                                                                                    
      "display_timezone": "local",                                                                                                                                                             
      "display_timestamp_format": "MMM DD HH:mm:ss SSSS",                                                                                                                                      
      "max_buckets": 500,                                                                                                                                                                      
      "nested_objects" : false,                                                                                                                                                                
      "default_time_range_in_days" : 0,                                                                                                                                                        
      "max_hosts": 100,                                                                                                                                                                        
      "max_events_to_keep_in_viewer": 5000,                                                                                                                                                    
      "fields" : {                                                                                                                                                                             
        "mapping" : {                                                                                                                                                                          
            "timestamp" : "@timestamp",                                                                                                                                                        
            "display_timestamp" : "@timestamp",                                                                                                                                                
            "hostname" : "kubernetes.pod_name",                                                                                                                                                
            "program": "kubernetes.container_name",                                                                                                                                            
            "message": "log"                                                                                                                                                                   
        }                                                                                                                                                                                      
      }                                                                                                                                                                                        
    },                                                                                                                                                                                         
    {     
      "es": {
        "default_index": "fluentbit-http",
        "allow_url_parameter": false
      },
      "tail_interval_in_seconds": 10,
      "es_index_time_offset_in_seconds": 0,
      "display_timezone": "local",
      "display_timestamp_format": "MMM DD HH:mm:ss SSSS",
      "max_buckets": 500,
      "nested_objects" : false,
      "default_time_range_in_days" : 0,
      "max_hosts": 100,
      "max_events_to_keep_in_viewer": 5000,
      "fields" : {
        "mapping" : {
            "timestamp" : "@timestamp",
            "display_timestamp" : "@timestamp",
            "hostname" : "host.keyword",
            "program": "_type"
        }
      },
      "message_format": "{{{time}}}: {{{client}}} - {{{message}}} - {{{code}}} - {{{method}}} - {{{path}}} - {{{referer}}} - {{{agent}}}"
    },
    {
      "es": {
        "default_index": "fluentbit-*",
        "allow_url_parameter": false
      },
      "tail_interval_in_seconds": 10,
      "es_index_time_offset_in_seconds": 0,
      "display_timezone": "local",
      "display_timestamp_format": "MMM DD HH:mm:ss SSSS",
      "max_buckets": 500,
      "nested_objects" : false,
      "default_time_range_in_days" : 0,
      "max_hosts": 100,
      "max_events_to_keep_in_viewer": 5000,
      "fields" : {
        "mapping" : {
            "timestamp" : "@timestamp",
            "display_timestamp" : "@timestamp",
            "hostname" : "host.keyword",
            "program": "_type",
            "message": "message"
        }
      }
    }
  ]
}
